HSN,Taxable Value,Tax Slab,CGST%,SGST%,CGST Amt,SGST Amt
101,25000.0,18,9,9,2250.0,2250.0
68119000,5000.0,28,14,14,700.0000000000001,700.0000000000001
68119000,5000.0,28,14,14,700.0000000000001,700.0000000000001
68119000,5000.0,28,14,14,700.0000000000001,700.0000000000001
68119000,5000.0,28,14,14,700.0000000000001,700.0000000000001
